Workbook

Sheet 00_HUONG_DAN
A1: PHIẾU THU THẬP DỮ LIỆU — BẢN PHÁT HÀNH ĐẦU TIÊN (R1)
A2: Dành cho chủ sở hữu sản phẩm. Không cần kiến thức kỹ thuật để điền.
A3: Điền xong gửi lại nguyên file này. Không cần xóa sheet nào.
A5: TIẾN ĐỘ
A6: Chỉ tiêu | B6: Đã có | C6: Cần có
A7: Câu hỏi P0 (bắt buộc) đã trả lời | B7: =SUMPRODUCT(('01_CAU_HOI_CHINH'!I6:I44="P0")*(TRIM('01_CAU_HOI_CHINH'!G6:G44)<>"")) -> 0 | C7: =SUMPRODUCT(--('01_CAU_HOI_CHINH'!I6:I44="P0")) -> 25
A8: Tổng câu hỏi đã trả lời | B8: =COUNTIF('01_CAU_HOI_CHINH'!J6:J44,"Đã điền") -> 0 | C8: =COUNTA('01_CAU_HOI_CHINH'!A6:A44) -> 39
A9: Số gói sản phẩm đã nhập | B9: =COUNTA('02_GOI_SAN_PHAM'!A6:A30) -> 0 | C9: "—"
A10: Số thiết bị đã nhập | B10: =COUNTA('03_THIET_BI'!A6:A40) -> 0 | C10: "—"
A11: Số tỉnh đã chọn mức phục vụ | B11: =COUNTA('04_VUNG_PHUC_VU'!E6:E39) -> 0 | C11: 34
A12: Số dòng hóa đơn mẫu đã nhập | B12: =COUNTA('05_HOA_DON_MAU'!I6:I105) -> 0 | C12: "tối thiểu 120"
A14: CÁCH ĐIỀN
A15: 1. Ô màu VÀNG là chỗ anh/chị điền. Ô màu XÁM là thông tin có sẵn, không sửa.
A16: 2. Bắt đầu từ sheet 01_CAU_HOI_CHINH. Làm hết các dòng ưu tiên P0 trước, đó là phần chặn tiến độ.
A17: 3. Sheet 02 và 03: anh/chị nói đã có sẵn bảng giá và thiết bị, chỉ cần chép vào.
A18: 4. Sheet 04: chỉ chọn 'Tự thi công' / 'Qua đối tác' / 'Không phục vụ' cho 34 dòng.
A19: 5. Sheet 05 là phần giá trị nhất: hóa đơn điện thật đã xóa thông tin cá nhân. Có 3 hộ vẫn tốt hơn không có hộ nào.
A20: 6. Sheet 06 KHÔNG phải việc của anh/chị — đó là việc cần kỹ sư, đọc để biết cần giao cho ai.
A21: 7. Sheet 07 đọc trước để không mất công điền những thứ không còn cần nữa.
A22: 8. Không biết câu nào thì ghi thẳng 'chưa biết' vào ô đó. Ghi 'chưa biết' tốt hơn là đoán một con số.
A24: ĐIỀU QUAN TRỌNG NHẤT
A25: • Nếu không biết một con số, ĐỪNG đoán. Ghi 'chưa biết'. Hệ thống sẽ tự nới rộng khoảng ước tính và nói rõ với khách là còn thiếu thông tin.
A26: • Một con số đoán bừa nhưng được đưa vào hệ thống sẽ trở thành con số 'đã xác minh', và sau đó không còn ai cảnh báo nữa. Đó là rủi ro lớn hơn việc để trống.
... A33: Số điện thoại liên hệ khi cần hỏi thêm

Sheet 01_CAU_HOI_CHINH
A1: PHẦN 1 — CÁC CÂU HỎI CHỈ ANH/CHỊ TRẢ LỜI ĐƯỢC
A2: Đây là sheet quan trọng nhất. Điền cột màu vàng 'GIÁ TRỊ ĐIỀN'. Không cần hiểu kỹ thuật.
A3: Ưu tiên P0 = thiếu là không chạy được. P1 = cần trước khi mở cho khách. P2 = có thì tốt.
A5: Mã | B5: Nhóm | C5: Câu hỏi | D5: Vì sao hệ thống cần | E5: Đơn vị / định dạng | F5: Ví dụ | G5: GIÁ TRỊ ĐIỀN | H5: Nguồn / tài liệu kèm theo | I5: Ưu tiên | J5: Trạng thái
A6: A01 | B6: Doanh nghiệp | C6: Tên pháp lý đầy đủ của doanh nghiệp | D6: Hiện ở chân trang và trong hồ sơ gửi khách | E6: Văn bản | F6: Công ty TNHH Năng lượng ABC | I6: P0 | J6: =IF(TRIM(G6)="","Chưa điền","Đã điền") -> Chưa điền
A7: A02 | B7: Doanh nghiệp | C7: Tên thương hiệu muốn hiển thị trên app | D7: Tên khách nhìn thấy, có thể khác tên pháp lý | E7: Văn bản | F7: ABC Solar | I7: P0 | J7: =IF(TRIM(G7)="","Chưa điền","Đã điền") -> Chưa điền
A8: A03 | B8: Doanh nghiệp | C8: Số hotline thật | D8: Hiện đang là số mẫu 0924167167 | E8: Số điện thoại | F8: 924167167 | I8: P0 | J8: =IF(TRIM(G8)="","Chưa điền","Đã điền") -> Chưa điền
A9: A04 | B9: Doanh nghiệp | C9: Link Zalo OA hoặc số Zalo | D9: Hiện đang là link rỗng https://zalo.me/ | E9: URL hoặc số | F9: https://zalo.me/0924167167 | I9: P0 | J9: =IF(TRIM(G9)="","Chưa điền","Đã điền") -> Chưa điền
A10: A05 | B10: Doanh nghiệp | C10: Email nhận thông báo có lead mới | D10: Không có thì lead vào hệ thống mà không ai biết | E10: Email | F10: sales@evosolar.vn | I10: P0 | J10: =IF(TRIM(G10)="","Chưa điền","Đã điền") -> Chưa điền
A11: A06 | B11: Doanh nghiệp | C11: Địa chỉ showroom/văn phòng muốn hiện | D11: Tăng tin cậy. Để trống nếu không muốn hiện | E11: Văn bản | F11: chưa có | I11: P1 | J11: =IF(TRIM(G11)="","Chưa điền","Đã điền") -> Chưa điền
A12: A07 | B12: Doanh nghiệp | C12: Cam kết phản hồi lead trong bao lâu | D12: Dùng để đặt kỳ vọng với khách trên form | E12: Giờ | F12: 4 giờ trong giờ hành chính | I12: P1 | J12: =IF(TRIM(G12)="","Chưa điền","Đã điền") -> Chưa điền
A13: B01 | B13: Chính sách giá | C13: Giá gói niêm yết đã gồm VAT chưa? | D13: Nếu tính sai chỗ này thì mọi con số hoàn vốn đều lệch | E13: Có / Không | F13: Có | I13: P0 | J13: =IF(TRIM(G13)="","Chưa điền","Đã điền") -> Chưa điền
A14: B02 | B14: Chính sách giá | C14: Thuế suất VAT áp dụng cho gói | D14: Cần để quy đổi giá trước/sau thuế | E14: % | F14: 8 | I14: P0 | J14: =IF(TRIM(G14)="","Chưa điền","Đã điền") -> Chưa điền
A15: B03 | B15: Chính sách giá | C15: Giá gói có hiệu lực đến ngày nào | D15: Hết hạn thì hệ thống phải ngừng báo giá đó | E15: dd/mm/yyyy | F15: 31/12/2026 | I15: P0 | J15: =IF(TRIM(G15)="","Chưa điền","Đã điền") -> Chưa điền
A16: B04 | B16: Chính sách giá | C16: Có khoản nào khách phải trả thêm ngoài giá gói? Nêu rõ từng khoản | D16: Nếu có mà không khai thì app đang hứa hụt chi phí cho khách | E16: Văn bản | F16: Phí nâng mái tôn nếu cần: 1-3 tr | I16: P0 | J16: =IF(TRIM(G16)="","Chưa điền","Đã điền") -> Chưa điền
A17: B05 | B17: Chính sách giá | C17: Có trả góp không? Đối tác, lãi suất, kỳ hạn | D17: Có thể làm tăng tỷ lệ để lại liên hệ | E17: Văn bản | F17: FE Credit, 0% 12 tháng | I17: P2 | J17: =IF(TRIM(G17)="","Chưa điền","Đã điền") -> Chưa điền
A18: C01 | B18: Vận hành | C18: Vệ sinh tấm pin bao nhiêu lần mỗi năm | D18: Vào chi phí vận hành trong biểu đồ hoàn vốn | E18: lần/năm | F18: 2 | I18: P0 | J18: =IF(TRIM(G18)="","Chưa điền","Đã điền") -> Chưa điền
A19: C02 | B19: Vận hành | C19: Chi phí mỗi lần vệ sinh | D19: Nếu miễn phí thì ghi 'miễn phí N năm đầu' | E19: VND hoặc văn bản | F19: 500.000 hoặc miễn phí 2 năm | I19: P0 | J19: =IF(TRIM(G19)="","Chưa điền","Đã điền") -> Chưa điền
A20: C03 | B20: Vận hành | C20: Chi phí bảo trì định kỳ mỗi năm (ngoài vệ sinh) | D20: Vào chi phí vận hành | E20: VND/năm | F20: 300.000 | I20: P0 | J20: =IF(TRIM(G20)="","Chưa điền","Đã điền") -> Chưa điền
... A40: H02 | B40: Hiển thị | C40: Câu nhắn muốn hiện ngay trước form để lại số điện thoại | D40: Ảnh hưởng trực tiếp tỷ lệ để lại liên hệ | E40: 1-2 câu | F40: Kỹ thuật sẽ khảo sát mái miễn phí... | I40: P1 | J40: =IF(TRIM(G40)="","Chưa điền","Đã điền") -> Chưa điền
A41: H03 | B41: Hiển thị | C41: Có ưu đãi/khuyến mãi nào cần thể hiện không | E41: Văn bản | F41: Tặng vệ sinh 2 năm đầu | I41: P2 | J41: =IF(TRIM(G41)="","Chưa điền","Đã điền") -> Chưa điền
A42: I01 | B42: Dữ liệu đối chiếu | C42: Có thể xin bao nhiêu hộ cho phép dùng hóa đơn điện 12 tháng (đã xóa tên/SĐT)? | D42: ĐÂY LÀ THỨ LÀM SỐ LIỆU CHÍNH XÁC NHẤT. Không có thì mọi con số chỉ là mô hình lý thuyết | E42: số hộ | F42: 10 | I42: P0 | J42: =IF(TRIM(G42)="","Chưa điền","Đã điền") -> Chưa điền
A43: I02 | B43: Dữ liệu đối chiếu | C43: Có bao nhiêu công trình đã lắp đang chạy để đối chiếu sản lượng thật? | D43: Dùng để kiểm tra mô hình sản lượng có đúng với thực tế không | E43: số công trình | F43: 5 | I43: P0 | J43: =IF(TRIM(G43)="","Chưa điền","Đã điền") -> Chưa điền
A44: I03 | B44: Dữ liệu đối chiếu | C44: Có xuất được dữ liệu giám sát inverter (sản lượng theo ngày/giờ) không? | D44: Nếu có thì độ chính xác tăng rất nhiều. Thường xuất từ app hãng inverter | E44: Có / Không | F44: Có | I44: P0 | J44: =IF(TRIM(G44)="","Chưa điền","Đã điền") -> Chưa điền

Sheet 02_GOI_SAN_PHAM
A1: PHẦN 2 — DANH MỤC GÓI ĐANG BÁN
A2: Một dòng cho mỗi gói bán thực tế. Anh/chị nói đã có sẵn dữ liệu này.
A3: LƯU Ý: cố tình KHÔNG có cột 'sản lượng nền kWh/tháng' như mẫu cũ. Sản lượng sẽ được tính từ công suất kWp × sản lượng riêng theo tỉnh, không nhập tay nữa.
A5: Mã gói * | B5: Tên gói * | C5: Mô tả ngắn cho khách * | D5: Đang bán * | E5: Thứ tự hiện * | F5: Loại hệ thống * | G5: Công suất tấm pin DC kWp * | H5: Công suất inverter kW * | I5: Số pha * | J5: Pin danh định kWh | K5: Pin dùng được thực tế kWh | L5: Giá trọn gói VND * | M5: Giá đã gồm VAT? * | N5: Diện tích mái tối thiểu m² * | O5: Hãng tấm pin * | P5: Model tấm pin * | Q5: Công suất 1 tấm Wp * | R5: Số tấm * | S5: Hãng inverter * | T5: Model inverter * | U5: Hãng pin | V5: Model pin | W5: BH tấm pin (năm) * | X5: BH hiệu suất tấm (năm) | Y5: BH inverter (năm) * | Z5: BH pin (năm) | AA5: BH thi công (năm) * | AB5: Hạng mục ĐÃ bao gồm trong giá * | AC5: Hạng mục KHÔNG bao gồm * | AD5: Link báo giá / datasheet * | AE5: Ghi chú

Sheet 03_THIET_BI
A1: PHẦN 3 — THÔNG SỐ THIẾT BỊ THEO DATASHEET
A2: Một dòng cho mỗi loại tấm pin / inverter / pin lưu trữ đang dùng. Số liệu lấy từ datasheet nhà cung cấp, không ước lượng.
A3: Các cột [PIN] là bắt buộc vì gói hybrid là sản phẩm chủ lực. Không có datasheet thì xin nhà cung cấp bản PDF.
A5: SKU / mã * | B5: Loại thiết bị * | C5: Hãng * | D5: Model * | E5: Đang dùng * | F5: Công suất danh định * | G5: Đơn vị * | H5: Hiệu suất % | I5: [PIN] Dung lượng danh định kWh | J5: [PIN] Dung lượng dùng được kWh | K5: [PIN] DoD % | L5: [PIN] Công suất NẠP tối đa kW | M5: [PIN] Công suất XẢ tối đa kW | N5: [PIN] Hiệu suất vòng % | O5: [PIN] Số chu kỳ bảo hành | P5: [TẤM] Suy giảm năm đầu % | Q5: [TẤM] Suy giảm mỗi năm sau % | R5: [TẤM] Hiệu suất còn lại cuối BH % | S5: Hệ số nhiệt độ %/°C | T5: Số pha | U5: Link datasheet * | V5: Người xác minh | W5: Ghi chú

Sheet 04_VUNG_PHUC_VU
A1: PHẦN 4 — PHẠM VI PHỤC VỤ THEO 34 TỈNH/THÀNH (SAU SÁP NHẬP 01/07/2025)
A2: Hệ thống hiện đang dùng danh sách 63 tỉnh CŨ — đã hết hiệu lực. Đây là danh sách đúng theo Nghị quyết 202/2025/QH15 và Quyết định 19/2025/QĐ-TTg.
A3: Chỉ cần chọn 'Mức phục vụ' cho từng dòng. Cột 'Gồm tỉnh cũ' để anh/chị dễ nhận ra tỉnh mình quen gọi tên cũ.
A5: STT | B5: Mã hệ thống | C5: Tên tỉnh/thành 2025 | D5: Gồm các tỉnh cũ (để nhận diện) | E5: Mức phục vụ * | F5: Tên đối tác thi công (nếu qua đối tác) | G5: Phụ phí đi lại VND | H5: Số công trình đã lắp | I5: Ghi chú
A6: 1 | B6: ha-noi | C6: Thành phố Hà Nội | D6: Giữ nguyên
A7: 2 | B7: cao-bang | C7: Cao Bằng | D7: Giữ nguyên
A8: 3 | B8: tuyen-quang | C8: Tuyên Quang | D8: Tuyên Quang + Hà Giang
A9: 4 | B9: dien-bien | C9: Điện Biên | D9: Giữ nguyên
A10: 5 | B10: lai-chau | C10: Lai Châu | D10: Giữ nguyên
A11: 6 | B11: son-la | C11: Sơn La | D11: Giữ nguyên
A12: 7 | B12: lao-cai | C12: Lào Cai | D12: Lào Cai + Yên Bái
A13: 8 | B13: thai-nguyen | C13: Thái Nguyên | D13: Thái Nguyên + Bắc Kạn
A14: 9 | B14: lang-son | C14: Lạng Sơn | D14: Giữ nguyên
A15: 10 | B15: quang-ninh | C15: Quảng Ninh | D15: Giữ nguyên
A16: 11 | B16: bac-ninh | C16: Bắc Ninh | D16: Bắc Ninh + Bắc Giang
A17: 12 | B17: phu-tho | C17: Phú Thọ | D17: Phú Thọ + Vĩnh Phúc + Hòa Bình
... A39: 34 | B39: ca-mau | C39: Cà Mau | D39: Cà Mau + Bạc Liêu
A41: Tổng số tỉnh tự thi công: | C41: =COUNTIF(E6:E39,"Tự thi công") -> 0
A42: Tổng số tỉnh qua đối tác: | C42: =COUNTIF(E6:E39,"Qua đối tác") -> 0

Sheet 05_HOA_DON_MAU
A1: PHẦN 5 — HÓA ĐƠN ĐIỆN MẪU (THỨ QUYẾT ĐỊNH ĐỘ CHÍNH XÁC)
A2: Mỗi hộ một mã hồ sơ, 12 dòng cho 12 tháng liên tiếp. Đây là dữ liệu giá trị nhất trong cả file này.
A3: TUYỆT ĐỐI KHÔNG điền tên, số điện thoại, địa chỉ chi tiết hay mã khách hàng EVN. Chỉ cần mã hồ sơ tự đặt như HO-01, HO-02.
A5: Mã hồ sơ * | B5: Tỉnh/thành (theo sheet 04) * | C5: Loại nhà * | D5: Số người ở * | E5: Số điều hòa | F5: Ban ngày có người ở nhà? * | G5: Tháng (mm/yyyy) * | H5: Số ngày của kỳ | I5: Số kWh trong kỳ * | J5: Tổng tiền đã trả VND * | K5: Có nhiều hộ dùng chung công tơ? | L5: Diện tích mái khả dụng m² | M5: Ghi chú
A107: Số dòng đã điền: | C107: =COUNTA(I6:I105) -> 0
A108: Mục tiêu tối thiểu: 10 hộ × 12 tháng = 120 dòng. Có 3 hộ vẫn tốt hơn không có hộ nào.

Sheet 06_VIEC_KY_SU
A1: PHẦN 6 — VIỆC CẦN KỸ SƯ ĐIỆN MẶT TRỜI LÀM (KHÔNG PHẢI VIỆC CỦA ANH/CHỊ)
A2: Anh/chị KHÔNG cần điền sheet này. Đây là danh sách để anh/chị biết cần giao cho ai hoặc thuê ngoài.
A3: Nếu công ty chưa có kỹ sư đủ chuyên môn, đây là phần bắt buộc phải thuê ngoài hoặc mua dữ liệu. Không nên tự đoán.
A5: Mã | B5: Việc cần làm | C5: Vì sao bắt buộc | D5: Ai làm được | E5: Đầu ra mong đợi | F5: Trạng thái
A6: K01 | B6: Sản lượng riêng theo tháng cho từng tỉnh phục vụ (kWh/kWp/tháng × 12) | C6: Hiện hệ thống dùng 1 con số cho cả năm. Hà Nội tháng 2-3 chỉ khoảng nửa tháng 5. Đây là lỗi nặng nhất khi phục vụ toàn quốc | D6: Kỹ sư nội bộ, hoặc thuê ngoài, hoặc mua từ PVsyst/PVGIS/Global Solar Atlas | E6: Bảng 34 tỉnh × 12 tháng, có nguồn và phương pháp
A7: K02 | B7: Hệ số hiệu suất hệ thống (PR) và bảng chi tiết tổn hao | C7: Bức xạ mặt trời không phải sản lượng. Phải qua tổn hao nhiệt, bụi, dây dẫn, inverter | D7: Kỹ sư điện mặt trời | E7: Một giá trị PR có căn cứ, kèm bảng tổn hao từng thành phần
A8: K03 | B8: Bảng suy giảm theo hướng mái và độ nghiêng | C8: Khách hướng Bắc và khách hướng Nam có sản lượng chênh nhau đáng kể | D8: Kỹ sư điện mặt trời | E8: Bảng tra hệ số theo hướng × độ nghiêng
A9: K04 | B9: Biểu đồ phụ tải 24 giờ đại diện cho hộ gia đình Việt Nam | C9: Quyết định tỷ lệ tự dùng. Đây là biến ảnh hưởng tiền tiết kiệm mạnh nhất | D9: Kỹ sư, dựa trên dữ liệu giám sát hoặc nguồn nghiên cứu công bố | E9: Bảng 24 giờ × 12 tháng, hoặc ít nhất 3 kiểu hộ tiêu biểu
A10: K05 | B10: Tối thiểu 10 ca nghiệm thu: tự tính tay rồi so với kết quả app | C10: Cách duy nhất chứng minh app tính đúng, không phải chỉ chạy được | D10: Kỹ sư + kế toán/tài chính | E10: Bảng tính độc lập, có người ký, sai số cho phép rõ ràng
A11: K06 | B11: Xác nhận hệ thống có được phép đấu nối và bán điện dư ở từng tỉnh | C11: Điều kiện đấu nối và tiến độ xử lý của điện lực từng tỉnh khác nhau | D11: Người phụ trách quan hệ điện lực | E11: Danh sách tỉnh đã xác nhận làm được

Sheet 07_KHONG_CAN_DIEN
A1: PHẦN 7 — NHỮNG THỨ ANH/CHỊ KHÔNG CẦN ĐIỀN (ĐỌC ĐỂ TIẾT KIỆM THỜI GIAN)
A2: Mẫu Excel cũ trong dự án (Mau-thu-thap-du-lieu-dien-mat-troi.xlsx) có nhiều ô giờ không còn cần nữa.
A3: Điền những ô này là mất công vô ích, và một số ô nếu điền sẽ làm hệ thống tính sai.
A5: Thứ trong mẫu cũ | B5: Có cần điền không | C5: Lý do
A6: Biểu giá điện 6 bậc và VAT | B6: KHÔNG CẦN | C6: Đã có trong hệ thống, lấy từ Quyết định 1279/QĐ-BCT (hiệu lực 10/5/2025) với nguồn chính thức. Lưu ý: sheet BIEU_GIA_DIEN trong mẫu cũ đang ghi cấu trúc 5 bậc không khớp với 6 bậc thực tế — đừng dùng sheet đó.
A7: Giá mua điện dư (đồng/kWh) | B7: KHÔNG CẦN | C7: Theo Nghị định 58/2025, giá này do đơn vị vận hành thị trường điện công bố vào tháng 1 hàng năm, không phải doanh nghiệp tự quyết. Anh/chị chỉ cần trả lời câu E01: công ty có hỗ trợ khách làm thủ tục hay không.
A8: Sản lượng nền kWh/tháng của từng gói | B8: KHÔNG CẦN — SẼ BỎ | C8: Con số này đang trộn lẫn dữ liệu sản phẩm với dữ liệu vùng miền, gây sai số. Sắp tới sản lượng sẽ được tính ra từ công suất kWp nhân với sản lượng riêng theo tỉnh và theo tháng.
A9: Hệ số tỉnh (một con số cho mỗi tỉnh) | B9: KHÔNG CẦN — SẼ BỎ | C9: Thay bằng bảng sản lượng 12 tháng ở mục K01. Một con số không thể diễn tả được mùa mưa miền Bắc.
A10: Tỷ lệ dùng điện ban ngày mức thấp/trung bình/cao | B10: KHÔNG CẦN — SẼ BỎ | C10: Ba con số phẳng này là nguyên nhân làm hệ thống tính tỷ lệ tự dùng cao hơn thực tế. Sẽ thay bằng biểu đồ phụ tải theo giờ ở mục K04.
A11: Số chu kỳ pin mỗi ngày, số ngày quy đổi một tháng | B11: KHÔNG CẦN — SẼ BỎ | C11: Cách tính pin theo 'mỗi ngày một chu kỳ đầy' không đúng thực tế. Sẽ thay bằng mô phỏng theo giờ.
A12: Tỷ lệ chiết khấu, lãi suất vay để tính NPV/IRR | B12: KHÔNG CẦN | C12: Bản đầu không hiển thị NPV/IRR vì mục tiêu là thu thập khách quan tâm, không phải làm hồ sơ đầu tư.
A13: Trọng số xếp hạng gói (độ phù hợp, tự dùng, hoàn vốn) | B13: CHƯA CẦN | C13: Để kỹ thuật đề xuất con số trước, anh/chị chỉ cần xem và duyệt sau. Tự nghĩ ra trọng số bây giờ sẽ phải sửa lại.
A14: Giá điện bình quân quy đổi (2.800 đ/kWh) | B14: KHÔNG CẦN | C14: Hệ thống đã tính tiền điện theo đúng 6 bậc lũy tiến, không dùng giá bình quân nữa.

Sheet 08_DANH_MUC
A1: DANH MỤC GIÁ TRỊ CHUẨN
A2: Các giá trị dùng cho ô có danh sách chọn.
A3: Không sửa cột nào ở sheet này. Cần thêm giá trị thì ghi vào cột Ghi chú của sheet tương ứng.
A5: Có / Không | B5: Loại hệ thống | C5: Mức phục vụ | D5: Loại thiết bị | E5: Số pha | F5: Loại nhà | G5: Ban ngày có người | H5: Có / Không / Tùy tỉnh
A6: Có | B6: Hòa lưới | C6: Tự thi công | D6: Tấm pin | E6: 1 pha | F6: Nhà phố | G6: Có, cả ngày | H6: Có
A7: Không | B7: Hybrid | C7: Qua đối tác | D7: Inverter hòa lưới | E7: 3 pha | F7: Nhà riêng có sân | G7: Có, buổi trưa | H7: Không
C8: Không phục vụ | D8: Inverter hybrid | E8: Cả hai | F8: Biệt thự | G8: Hầu như không | H8: Tùy tỉnh
D9: Pin lưu trữ | F9: Nhà xưởng nhỏ
D10: Khác | F10: Khác
